Customer ID,Customer Name,Customer Category ,Quantity,Total Spent
1,"Tailspin Toys (Inguadona, MN)",Novelty Shop,16352,381585.35
1,"Tailspin Toys (Minidoka, ID)",Novelty Shop,15857,371822.3
977,Mauno Laurila,Novelty Shop,15296,369058.3
401,"Wingtip Toys (Sarversville, PA)",Novelty Shop,16413,365427
954,Nasrin Omidzadeh,Supermarket,16771,361939.75
1,"Tailspin Toys (Long Meadow, MD)",Novelty Shop,15635,360901.5
964,Ingrida Zeltina,Supermarket,14648,359859.45
401,"Wingtip Toys (San Jacinto, CA)",Novelty Shop,14870,355293.35
996,Laszlo Gardenier,Gift Store,14782,354680.8
841,Camille Authier,Gift Store,17359,353499.15
1001,Dinh Mai,Computer Store,16050,353177.75
401,"Wingtip Toys (Cuyamungue, NM)",Novelty Shop,14950,353046.95
401,"Wingtip Toys (Morrison Bluff, AR)",Novelty Shop,14924,352287.2
401,"Wingtip Toys (Grabill, IN)",Novelty Shop,17148,351138.65
401,"Wingtip Toys (West Frostproof, FL)",Novelty Shop,18564,346621.45
874,Daniel Martensson,Novelty Shop,15158,346062.2
856,Satish Mittal,Corporate,17215,345839.1
861,Amarasimha Vinjamuri,Supermarket,14579,344208.65
1,"Tailspin Toys (Fieldbrook, CA)",Novelty Shop,17297,344005.05
401,"Wingtip Toys (Wapinitia, OR)",Novelty Shop,14402,343236.1
949,Seo-yun Paik,Corporate,14988,342138.85
1,"Tailspin Toys (Vidrine, LA)",Novelty Shop,18899,340163.8
1,"Tailspin Toys (Good Hart, MI)",Novelty Shop,15547,339867.35
1,"Tailspin Toys (Maypearl, TX)",Novelty Shop,18219,339721.9
1,"Tailspin Toys (Buell, MO)",Novelty Shop,16142,337822.05
401,"Wingtip Toys (Wapiti, WY)",Novelty Shop,14946,336411
401,"Wingtip Toys (Key Biscayne, FL)",Novelty Shop,18658,335053.55
1,"Tailspin Toys (Sentinel Butte, ND)",Novelty Shop,18050,334970
1,"Tailspin Toys (Big Moose, NY)",Novelty Shop,14005,334587.15
401,"Wingtip Toys (Mickleton, NJ)",Novelty Shop,16005,332515.15
401,"Wingtip Toys (Bourneville, OH)",Novelty Shop,18292,332283.15
401,"Wingtip Toys (Stoneboro, PA)",Novelty Shop,15859,331986.5
834,Cong Hoa,Gift Store,13609,331512.1
982,Yves Belisle,Supermarket,16137,330437.35
401,"Wingtip Toys (Lynne, FL)",Novelty Shop,15928,328532.85
401,"Wingtip Toys (Homer City, PA)",Novelty Shop,15768,328526.4
401,"Wingtip Toys (Bokeelia, FL)",Novelty Shop,13387,328375.45
804,Aleksandrs Riekstins,Computer Store,17139,328332.15
401,"Wingtip Toys (Truscott, TX)",Novelty Shop,15021,328241.2
401,"Wingtip Toys (Haycock, AK)",Novelty Shop,14640,328237.65
1,"Tailspin Toys (Cheyenne Wells, CO)",Novelty Shop,16806,327692.1
401,"Wingtip Toys (Knights Landing, CA)",Novelty Shop,14098,327417.2
401,"Wingtip Toys (Oak Point, TX)",Novelty Shop,16044,327253.55
1,"Tailspin Toys (North Cowden, TX)",Novelty Shop,17434,327184.8
1,"Tailspin Toys (Airport Drive, MO)",Novelty Shop,16445,325895.15
930,Shantanu Huq,Gift Store,18602,325743.95
941,Bishwa Chatterjee,Novelty Shop,14702,325480.55
1,"Tailspin Toys (Frankewing, TN)",Novelty Shop,14821,325415.75
870,In-Su Bae,Gift Store,11913,325301.35
1,"Tailspin Toys (Lesslie, SC)",Novelty Shop,16480,325239.95
1,"Tailspin Toys (Eastchester, NY)",Novelty Shop,13209,323930.8
928,Arijit Bhuiyan,Computer Store,13904,323854.25
947,Svetlana Todorovic,Supermarket,16405,322725.15
980,Om Yadav,Novelty Shop,18965,321544.65
1,"Tailspin Toys (Placer, OR)",Novelty Shop,17120,321476.1
1,"Tailspin Toys (Bethania, NC)",Novelty Shop,15090,321225.95
1,"Tailspin Toys (Impact, TX)",Novelty Shop,14689,321163.95
831,Bhaavan Rai,Corporate,18540,321163
813,Shyam Poddar,Corporate,13279,321098.05
991,Valter Viiding,Supermarket,14858,320851.25
401,"Wingtip Toys (Sayner, WI)",Novelty Shop,14629,320848.8
1,"Tailspin Toys (Brown City, MI)",Novelty Shop,16069,320102.15
1,"Tailspin Toys (New Lexington, OH)",Novelty Shop,14234,319743.25
401,"Wingtip Toys (Jamison, IA)",Novelty Shop,17285,319174.5
975,Prabodh Nair,Novelty Shop,16929,318585.65
401,"Wingtip Toys (Omer, MI)",Novelty Shop,15592,318424.95
401,"Wingtip Toys (North Beach Haven, NJ)",Novelty Shop,15599,318193.35
958,Valentin Tirlea,Gift Store,16263,318103.2
892,Bahaar Asef zade,Supermarket,14645,318047.05
401,"Wingtip Toys (Rich Creek, VA)",Novelty Shop,16102,317716.45
401,"Wingtip Toys (Montoya, NM)",Novelty Shop,11677,317535.8
1,"Tailspin Toys (Wimbledon, ND)",Novelty Shop,14561,317126.45
1,"Tailspin Toys (Victory Gardens, NJ)",Novelty Shop,15200,317019.7
401,"Wingtip Toys (Kapa'a, HI)",Novelty Shop,15293,316857.85
401,"Wingtip Toys (Plaquemine, LA)",Novelty Shop,13948,316819.75
1,"Tailspin Toys (Hayes Center, NE)",Novelty Shop,13182,316337.1
1,"Tailspin Toys (Lake Erie Beach, NY)",Novelty Shop,16445,315942.65
401,"Wingtip Toys (Leathersville, GA)",Novelty Shop,12151,315810.55
401,"Wingtip Toys (Connoquenessing, PA)",Novelty Shop,15843,315660.3
807,Gunnar Lohmus,Gift Store,15190,315028.35
401,"Wingtip Toys (Indian Creek, IL)",Novelty Shop,15626,314993.7
1,"Tailspin Toys (Sekiu, WA)",Novelty Shop,17826,314765.1
1,"Tailspin Toys (South Laguna, CA)",Novelty Shop,11146,314652.7
1,"Tailspin Toys (North Crows Nest, IN)",Novelty Shop,17684,313999.5
1,"Tailspin Toys (Optimo, NM)",Novelty Shop,14527,313846.5
401,"Wingtip Toys (Deeson, MS)",Novelty Shop,14443,313276.2
884,Anindya Ghatak,Computer Store,16553,313143.6
401,"Wingtip Toys (Lilbourn, MO)",Novelty Shop,14779,313093.6
401,"Wingtip Toys (Harkers Island, NC)",Novelty Shop,16136,313081.05
815,Libuse Valentova,Novelty Shop,16167,313044.5
906,Ajitaab Pakalapati,Computer Store,16587,312882.65
401,"Wingtip Toys (Islip Terrace, NY)",Novelty Shop,17422,312878.9
401,"Wingtip Toys (Schererville, IN)",Novelty Shop,15645,312478.05
867,Jasna Cerkez,Computer Store,16425,312376.7
1,"Tailspin Toys (Guin, AL)",Novelty Shop,15787,311705.15
988,Maksims Krastins,Gift Store,14177,310332.6
401,"Wingtip Toys (Lake Ronkonkoma, NY)",Novelty Shop,16884,310172.2
1,"Tailspin Toys (Furley, KS)",Novelty Shop,17765,309778.3
877,Leyla Siavashi,Gift Store,16084,309614.75
907,Eugen Agafitei,Supermarket,17749,309498.85
401,"Wingtip Toys (Lime Lake, NY)",Novelty Shop,14066,308925.8
401,"Wingtip Toys (Bourbonnais, IL)",Novelty Shop,15543,308060.1
876,Marie LeBatelier,Novelty Shop,14737,307822.5
401,"Wingtip Toys (Tuscaloosa, AL)",Novelty Shop,15647,307647.15
401,"Wingtip Toys (Queen Valley, AZ)",Novelty Shop,16277,307532.65
1,"Tailspin Toys (Peeples Valley, AZ)",Novelty Shop,15874,307461.05
1,"Tailspin Toys (Orrtanna, PA)",Novelty Shop,17986,307244.8
1,"Tailspin Toys (Malott, WA)",Novelty Shop,14212,307146.35
1,"Tailspin Toys (Bowlus, MN)",Novelty Shop,15758,306954.45
1,"Tailspin Toys (Devault, PA)",Novelty Shop,14724,306800.8
944,Ida Celma,Novelty Shop,12702,306775.2
900,Lilli Sokk,Gift Store,17199,306514.55
909,Dena Glissen,Supermarket,15839,305914.9
401,"Wingtip Toys (Tea, SD)",Novelty Shop,13704,305870.05
1,"Tailspin Toys (Sauquoit, NY)",Novelty Shop,15735,305855.35
945,Hoc Tran,Computer Store,12948,305701.7
1,Tailspin Toys (Head Office),Novelty Shop,17327,305494.4
401,"Wingtip Toys (Lake Davis, CA)",Novelty Shop,16028,305447.65
1,"Tailspin Toys (Upper Preston, WA)",Novelty Shop,13209,305167.85
973,Kumar Kamei,Novelty Shop,13217,304738.5
885,Chandrashekhar Dasgupta,Corporate,15797,304489.85
1,"Tailspin Toys (Marcell, MN)",Novelty Shop,13137,303860.15
1006,Taj Syme,Novelty Shop,11371,303719.1
1,"Tailspin Toys (Kerby, OR)",Novelty Shop,14951,303590.5
829,Jack Walker,Supermarket,16464,303241.95
882,Maryann Huddleston,Gift Store,13087,303014.05
1,"Tailspin Toys (South La Paloma, TX)",Novelty Shop,14642,302863.6
401,"Wingtip Toys (Lost River, ID)",Novelty Shop,14245,302375.8
401,"Wingtip Toys (Bonner Springs, KS)",Novelty Shop,14178,302303.75
830,Jana Fialova,Novelty Shop,16302,302139.2
875,Philip Walker,Novelty Shop,14629,301491.3
848,Alvin Bollinger,Computer Store,14188,301431.35
401,"Wingtip Toys (Bruceton Mills, WV)",Novelty Shop,15385,301277.05
910,Elina Kaleja,Gift Store,16690,301015
401,"Wingtip Toys (Pikeview, CO)",Novelty Shop,14488,300733.05
1,"Tailspin Toys (Vassalboro, ME)",Novelty Shop,16991,300693.8
401,"Wingtip Toys (Accomac, VA)",Novelty Shop,16472,300565
401,"Wingtip Toys (Branson West, MO)",Novelty Shop,13645,300315.6
401,"Wingtip Toys (Bernstein, TX)",Novelty Shop,16305,299908.3
908,Sumati Bhat,Novelty Shop,15376,299667.45
983,Sabine Alksne,Supermarket,13761,299644
1,"Tailspin Toys (Navassa, NC)",Novelty Shop,14982,299557.65
1,"Tailspin Toys (Koontzville, WA)",Novelty Shop,14745,299367.25
933,Joel Carrillo,Computer Store,14566,299267.25
1,"Tailspin Toys (Medicine Lodge, KS)",Novelty Shop,13571,299127.85
899,Chin-Sun Chang,Corporate,13654,298970.8
1,"Tailspin Toys (El Centro, CA)",Novelty Shop,14429,298878.4
1,"Tailspin Toys (Belgreen, AL)",Novelty Shop,13265,298816.4
960,Edgar Jogi,Computer Store,16565,298236.25
401,"Wingtip Toys (Taft Heights, CA)",Novelty Shop,12811,298219.95
1,"Tailspin Toys (Armstrong Creek, WI)",Novelty Shop,16078,298173.15
1,"Tailspin Toys (McCamey, TX)",Novelty Shop,13987,297965.55
401,"Wingtip Toys (Trout Run, PA)",Novelty Shop,13981,297738.65
1,"Tailspin Toys (Gum Branch, GA)",Novelty Shop,14122,297657.7
849,Sabine Zalite,Supermarket,14720,296871.7
961,Rani Ganguly,Gift Store,14553,296634.45
1,"Tailspin Toys (Batson, TX)",Novelty Shop,15820,296487.5
401,"Wingtip Toys (Mier, IN)",Novelty Shop,15480,296464.05
850,Daakshaayaani Sankaramanchi,Gift Store,15233,296183.95
401,"Wingtip Toys (Idaho City, ID)",Novelty Shop,15142,295808.15
401,"Wingtip Toys (Port Hueneme, CA)",Novelty Shop,14489,295793.25
1,"Tailspin Toys (Tierra Verde, FL)",Novelty Shop,15245,295667.1
1,"Tailspin Toys (Coney Island, MO)",Novelty Shop,15388,295607.25
401,"Wingtip Toys (Mayhill, NM)",Novelty Shop,15319,295360.15
832,Aakriti Byrraju,Supermarket,14175,295345.4
1,"Tailspin Toys (Tolna, ND)",Novelty Shop,16240,294759.1
1,"Tailspin Toys (Tavares, FL)",Novelty Shop,13889,294563.4
820,Knut Svensson,Computer Store,14487,294542.7
401,"Wingtip Toys (Isabela, PR)",Novelty Shop,14905,294022.25
981,Mahmut ozbek,Gift Store,17301,293795.5
401,"Wingtip Toys (Plum Branch, SC)",Novelty Shop,16138,293793.5
939,Ioana Florea,Supermarket,13542,293589.65
1,"Tailspin Toys (Saks, AL)",Novelty Shop,16297,293489.85
401,"Wingtip Toys (Mahaffey, PA)",Novelty Shop,15439,293471.65
1,"Tailspin Toys (New Baden, IL)",Novelty Shop,16942,293442.25
1,"Tailspin Toys (Indios, PR)",Novelty Shop,13232,293438.05
401,"Wingtip Toys (Birds, IL)",Novelty Shop,13090,293388.9
953,Linh Dao,Supermarket,15681,293343.7
401,"Wingtip Toys (Coin, IA)",Novelty Shop,14776,292807.5
1,"Tailspin Toys (McClave, CO)",Novelty Shop,16204,292416.6
1,"Tailspin Toys (Valdese, NC)",Novelty Shop,14263,292032.7
401,"Wingtip Toys (Ware Shoals, SC)",Novelty Shop,16457,292022.1
401,"Wingtip Toys (Plata, TX)",Novelty Shop,14099,292006.5
916,Pinja Jantunen,Gift Store,15138,291213.1
1,"Tailspin Toys (Carbonville, UT)",Novelty Shop,14605,290743.75
942,Chaayaadaevi Sonti,Corporate,14533,290649.4
888,Jai Lamble,Corporate,15308,290061.8
1,"Tailspin Toys (Maple Shade, NJ)",Novelty Shop,16199,289932.95
1,"Tailspin Toys (Annamoriah, WV)",Novelty Shop,15326,289425.1
1,"Tailspin Toys (North Ridge, NY)",Novelty Shop,13789,288928.75
401,"Wingtip Toys (Rosa Sánchez, PR)",Novelty Shop,14069,288866.35
1,"Tailspin Toys (Slanesville, WV)",Novelty Shop,16949,288831.4
934,Ivan Sepulveda,Novelty Shop,14355,288797.3
1,"Tailspin Toys (Arietta, NY)",Novelty Shop,15826,288764.75
915,Ana Florea,Corporate,11900,288716.35
967,Meera Patel,Gift Store,14021,288683.15
1007,Irma Berzina,Corporate,13621,288334.3
890,Olya Izmaylov,Computer Store,13740,288259.85
401,"Wingtip Toys (White Church, MO)",Novelty Shop,13822,288173.4
1,"Tailspin Toys (Roe Park, NY)",Novelty Shop,15274,288051.7
918,Isidora Morales,Novelty Shop,14126,287988.3
401,"Wingtip Toys (Mooringsport, LA)",Novelty Shop,15390,287662.1
826,Leila Carvalho,Novelty Shop,15528,287074.15
401,"Wingtip Toys (Bergen Park, CO)",Novelty Shop,14852,286997.65
1,"Tailspin Toys (Cundiyo, NM)",Novelty Shop,14536,286858.05
1,"Tailspin Toys (Ashtabula, OH)",Novelty Shop,13927,286361.6
976,Alinne Matos,Computer Store,16699,286296.05
1,"Tailspin Toys (Wappingers Falls, NY)",Novelty Shop,14251,286277.5
806,Shi Tu,Novelty Shop,15445,286260.4
401,"Wingtip Toys (Cadogan, PA)",Novelty Shop,12565,285998.05
401,"Wingtip Toys (Yaak, MT)",Novelty Shop,14091,285884.5
401,"Wingtip Toys (Salt Wells, NV)",Novelty Shop,17223,285546.25
1,"Tailspin Toys (Hedrick, IA)",Novelty Shop,15159,285242.95
1,"Tailspin Toys (Manchester Center, VT)",Novelty Shop,16417,284880.65
401,"Wingtip Toys (Obetz, OH)",Novelty Shop,15413,284860.3
1,"Tailspin Toys (East Fultonham, OH)",Novelty Shop,12050,284844.25
401,"Wingtip Toys (Silver Plume, CO)",Novelty Shop,16530,284816.5
816,Harsha Huq,Gift Store,13181,284646.55
401,"Wingtip Toys (Bethel Acres, OK)",Novelty Shop,14976,284494.75
810,Alena Kellnerova,Corporate,17070,284405.45
911,Liidia Lepp,Gift Store,14715,284305.95
984,Kamala Nishad,Corporate,15293,284235.15
401,"Wingtip Toys (Nichols Hills, OK)",Novelty Shop,11119,284220.5
1,"Tailspin Toys (Boyden Arbor, SC)",Novelty Shop,14238,283838.3
894,Gabriela Hernandes,Corporate,13242,283713.5
943,Drazenka Jelic,Novelty Shop,12696,283419.2
1,"Tailspin Toys (Netcong, NJ)",Novelty Shop,14371,283113.75
401,"Wingtip Toys (Paw Paw Lake, MI)",Novelty Shop,13273,283064.65
824,Risto Valbe,Supermarket,12655,283051.15
972,Lakshmi Benipal,Computer Store,14385,282651.55
401,"Wingtip Toys (Highland Home, AL)",Novelty Shop,13170,281875.5
1,"Tailspin Toys (Antares, AZ)",Novelty Shop,15363,281855.95
1,"Tailspin Toys (Kalvesta, KS)",Novelty Shop,15950,281847.85
855,Anna Mazzanti,Computer Store,12273,281741.8
401,"Wingtip Toys (Ruthsburg, MD)",Novelty Shop,13062,281714
1,"Tailspin Toys (Tumacacori, AZ)",Novelty Shop,14090,281664.3
401,"Wingtip Toys (Rose Tree, PA)",Novelty Shop,16064,281575.55
401,Wingtip Toys (Head Office),Novelty Shop,13658,281212
1,"Tailspin Toys (Scofield, UT)",Novelty Shop,15301,281031.4
1,"Tailspin Toys (Glen Avon, CA)",Novelty Shop,16454,280891.3
828,Sercan Celik,Gift Store,16183,280679.65
978,Baalaamjali Devulapalli,Supermarket,15721,280652.35
880,Edmee Glissen,Computer Store,13694,280544.8
401,"Wingtip Toys (Boalsburg, PA)",Novelty Shop,14641,280466.25
1,"Tailspin Toys (King Cove, AK)",Novelty Shop,12793,280430.65
401,"Wingtip Toys (Griswoldville, GA)",Novelty Shop,13565,280211.75
401,"Wingtip Toys (Lytle, TX)",Novelty Shop,16000,280066.35
401,"Wingtip Toys (Tilleda, WI)",Novelty Shop,13205,280049.15
1,"Tailspin Toys (Lake Stevens, WA)",Novelty Shop,15164,279973.05
891,Taneli Riutta,Supermarket,12647,279938.35
401,"Wingtip Toys (Akhiok, AK)",Novelty Shop,17062,279931.9
1,"Tailspin Toys (Teutopolis, IL)",Novelty Shop,14480,279824.15
1,"Tailspin Toys (Orchard Hill, GA)",Novelty Shop,14906,279790.3
857,Clarissa Manfrin,Gift Store,14614,279608.35
1,"Tailspin Toys (Sans Souci, SC)",Novelty Shop,13099,279129.6
1,"Tailspin Toys (Point Roberts, WA)",Novelty Shop,13566,279041.6
401,"Wingtip Toys (Cavendish, VT)",Novelty Shop,14725,279033.05
401,"Wingtip Toys (Dunkerton, IA)",Novelty Shop,14787,278980.2
924,Eva Schulteisz,Novelty Shop,15035,278857.7
912,Volkan senturk,Computer Store,12530,278546.75
1000,Krishnam Allu,Novelty Shop,13917,278463.8
401,"Wingtip Toys (Cale, AR)",Novelty Shop,16187,278443.9
1,"Tailspin Toys (Sinclair, WY)",Novelty Shop,14669,278238.3
872,Katerina Hadrabova,Corporate,13798,277983.65
1,"Tailspin Toys (Glen Park, NY)",Novelty Shop,13661,277845.75
401,"Wingtip Toys (Vamo, FL)",Novelty Shop,14348,277594.1
863,Jakub Lukes,Corporate,14482,277582.25
401,"Wingtip Toys (Downingtown, PA)",Novelty Shop,14183,277421.75
821,Kwanjai Saowaluk,Supermarket,13567,277323.2
955,Raghu Sandhu,Novelty Shop,12934,277220.2
1009,Bhagavateeprasaad Malladi,Computer Store,14462,277030.15
1,"Tailspin Toys (Gardere, LA)",Novelty Shop,15197,276960.75
1,"Tailspin Toys (Avenal, CA)",Novelty Shop,13899,276939.9
401,"Wingtip Toys (Waycross, GA)",Novelty Shop,14729,276841.25
401,"Wingtip Toys (Karthaus, PA)",Novelty Shop,13952,276754.6
401,"Wingtip Toys (Amado, AZ)",Novelty Shop,14722,276729.05
1,"Tailspin Toys (Hambleton, WV)",Novelty Shop,15700,276603.25
401,"Wingtip Toys (Athol Springs, NY)",Novelty Shop,13518,276429
968,Anca Gogean,Corporate,16704,276384.7
805,Ratan Poddar,Novelty Shop,11574,276355.65
401,"Wingtip Toys (Teutopolis, IL)",Novelty Shop,11733,276349
801,Eric Torres,Corporate,13579,276267.5
862,Lana Goransson,Supermarket,16385,276159.05
1,"Tailspin Toys (Larose, LA)",Novelty Shop,14721,275968.1
401,"Wingtip Toys (Mendoza, TX)",Novelty Shop,15800,275879.95
889,Sointu Savonheimo,Gift Store,16674,275372.45
995,Kumar Naicker,Novelty Shop,15793,275039.15
401,"Wingtip Toys (Cache, OK)",Novelty Shop,14810,274941
827,Crina Grasu,Computer Store,14790,274483.15
1,"Tailspin Toys (East Portal, CO)",Novelty Shop,14411,274426.35
1,"Tailspin Toys (Windsor Locks, CT)",Novelty Shop,11628,274199.6
838,Pavel Bogdanov,Corporate,16702,274184.35
986,Neil Farrelly,Novelty Shop,11908,274096.25
401,"Wingtip Toys (Necedah, WI)",Novelty Shop,13505,273703.05
950,Emily Whittle,Corporate,14434,273698.7
1,"Tailspin Toys (Madrone, NM)",Novelty Shop,12294,273493.1
401,"Wingtip Toys (Black Lick, PA)",Novelty Shop,14855,273419.45
1,"Tailspin Toys (Ortley Beach, NJ)",Novelty Shop,14444,272880.8
936,Ludmila Smidova,Novelty Shop,13937,272793.6
1003,Hue Ton,Supermarket,10493,272767.85
1,"Tailspin Toys (Severna Park, MD)",Novelty Shop,15147,272426.75
1,"Tailspin Toys (La Cueva, NM)",Novelty Shop,13677,272242.05
842,Biju Deb,Gift Store,15643,272219.7
997,Nada Ana Slosar,Supermarket,14635,272120.3
401,"Wingtip Toys (Floriston, CA)",Novelty Shop,14786,272013
905,Sara Huiting,Supermarket,15938,271909.95
1,"Tailspin Toys (Manahawkin, NJ)",Novelty Shop,13973,271732.65
1,"Tailspin Toys (Elrosa, MN)",Novelty Shop,13986,271541.45
1,"Tailspin Toys (Tooele, UT)",Novelty Shop,15655,271341.25
1,"Tailspin Toys (Cortaro, AZ)",Novelty Shop,12919,271254.45
401,"Wingtip Toys (Bell Acres, PA)",Novelty Shop,12155,271219.55
401,"Wingtip Toys (Cylon, WI)",Novelty Shop,15349,271213.25
923,Tai Bach,Novelty Shop,13091,271161.45
1,"Tailspin Toys (Trentwood, WA)",Novelty Shop,12910,271109.8
1,"Tailspin Toys (Hanoverton, OH)",Novelty Shop,14801,270666.8
860,Marcela Lucescu,Corporate,12733,270530.1
401,"Wingtip Toys (Cloquet, MN)",Novelty Shop,13800,270461.85
1,"Tailspin Toys (Nanafalia, AL)",Novelty Shop,12348,269706.25
1,"Tailspin Toys (Terre du Lac, MO)",Novelty Shop,14372,269384
825,Jayanta Thakur,Gift Store,12185,269355.9
401,"Wingtip Toys (Herlong, CA)",Novelty Shop,14351,269009.6
401,"Wingtip Toys (Licking, MO)",Novelty Shop,12694,268922.55
401,"Wingtip Toys (Oologah, OK)",Novelty Shop,14228,268761.3
1,"Tailspin Toys (Statenville, GA)",Novelty Shop,14454,268750.45
1,"Tailspin Toys (Hodgdon, ME)",Novelty Shop,16403,268675.5
401,"Wingtip Toys (Cowlington, OK)",Novelty Shop,12610,268663.5
803,Bala Dixit,Novelty Shop,15623,268565.25
902,Kamila Michnova,Supermarket,15153,268517.9
886,Debbie Molina,Supermarket,13079,268494.7
992,Amarakumaar Gadiyaram,Novelty Shop,16246,268328
1002,Stefan Selezeanu,Computer Store,14692,268285.55
1,"Tailspin Toys (Mineral Hills, MI)",Novelty Shop,15334,268024.1
901,Adrian Andreasson,Corporate,13316,268013.45
887,Baran Jonsson,Supermarket,13639,267390.65
401,"Wingtip Toys (Sunburg, MN)",Novelty Shop,15625,267108.05
1,"Tailspin Toys (Lytle Creek, CA)",Novelty Shop,13768,266743.35
1,"Tailspin Toys (Rafael Capó, PR)",Novelty Shop,15754,266658.7
1,"Tailspin Toys (Arbor Vitae, WI)",Novelty Shop,14334,266619.15
817,Agrita Kanepa,Supermarket,14044,266379.15
1,"Tailspin Toys (Kwethluk, AK)",Novelty Shop,15689,266262.4
401,"Wingtip Toys (Johnetta, KY)",Novelty Shop,13938,265796.1
401,"Wingtip Toys (Boynton, OK)",Novelty Shop,13462,265773.2
879,Jitka Necesana,Computer Store,15274,265730.85
962,Bhagavati Vinjamuri,Supermarket,12380,265677.4
1011,Rajeev Sandhu,Gift Store,14706,265650
1,"Tailspin Toys (Rockwall, TX)",Novelty Shop,14001,265393.65
1,"Tailspin Toys (Dracut, MA)",Novelty Shop,14464,265375.7
401,"Wingtip Toys (Keosauqua, IA)",Novelty Shop,15440,265308.4
401,"Wingtip Toys (Robertsdale, AL)",Novelty Shop,12531,265300.55
946,David safranek,Supermarket,13240,265195.25
401,"Wingtip Toys (Marfa, TX)",Novelty Shop,12960,265107.65
1,"Tailspin Toys (Hardeeville, SC)",Novelty Shop,13060,265076.25
858,Bimla PrabhupÄda,Novelty Shop,11242,264768.95
401,"Wingtip Toys (Ridgemark, CA)",Novelty Shop,13650,264477.95
1,"Tailspin Toys (Idria, CA)",Novelty Shop,14921,264406.75
401,"Wingtip Toys (Frenchburg, KY)",Novelty Shop,13721,264316.8
896,Leonardo Folliero,Supermarket,15770,264111.2
401,"Wingtip Toys (Alcester, SD)",Novelty Shop,12802,263725.4
871,Darshana Madhunapantula,Computer Store,16363,263636.75
1,"Tailspin Toys (Andrix, CO)",Novelty Shop,14664,263083.15
853,Caterina Pinto,Gift Store,13937,262801.3
401,"Wingtip Toys (Triadelphia, WV)",Novelty Shop,12994,262634.85
401,"Wingtip Toys (Gilford, NH)",Novelty Shop,14012,262606.4
1,"Tailspin Toys (Mappsburg, VA)",Novelty Shop,13912,262498.95
1,"Tailspin Toys (Aspen Park, CO)",Novelty Shop,12644,262322
401,"Wingtip Toys (Haydenville, OH)",Novelty Shop,14718,262286
401,"Wingtip Toys (East Fultonham, OH)",Novelty Shop,13443,262070
401,"Wingtip Toys (Coker, AL)",Novelty Shop,14759,262022.55
401,"Wingtip Toys (Trumansburg, NY)",Novelty Shop,14944,261619.55
401,"Wingtip Toys (Glen Ullin, ND)",Novelty Shop,13429,261590.9
401,"Wingtip Toys (Philip, SD)",Novelty Shop,12237,261544.15
1,"Tailspin Toys (Goffstown, NH)",Novelty Shop,12349,261427.85
401,"Wingtip Toys (Marion Junction, AL)",Novelty Shop,12543,260944.85
1,"Tailspin Toys (Absecon, NJ)",Novelty Shop,12415,260721.05
970,Isidora Urias,Novelty Shop,13436,260546.65
963,Be Trang,Corporate,13308,260400.65
401,"Wingtip Toys (Verdery, SC)",Novelty Shop,12948,260248.4
802,Cosmina Vlad,Corporate,15544,259917.3
959,Dhaatri Chavva,Novelty Shop,12379,259902.05
854,Daakshaayaani Kommineni,Novelty Shop,13460,259878.95
401,"Wingtip Toys (Elverson, PA)",Novelty Shop,14116,259757.4
401,"Wingtip Toys (Asher, OK)",Novelty Shop,14661,259500.5
1,"Tailspin Toys (Page City, KS)",Novelty Shop,16449,259307.35
1,"Tailspin Toys (Clewiston, FL)",Novelty Shop,11031,259270.5
1,"Tailspin Toys (Rothsville, PA)",Novelty Shop,12756,259013.6
401,"Wingtip Toys (Towaco, NJ)",Novelty Shop,13701,259003.85
401,"Wingtip Toys (Gargatha, VA)",Novelty Shop,13986,258731.15
897,Allan Mannik,Corporate,13753,258212.55
401,"Wingtip Toys (Hollandsburg, IN)",Novelty Shop,13684,257552.7
971,Dhanishta Mokkapati,Corporate,12235,257335
938,Anna Gyarmathi,Novelty Shop,13324,257293.45
1,"Tailspin Toys (Gasport, NY)",Novelty Shop,15480,257129.4
401,"Wingtip Toys (Cos Cob, CT)",Novelty Shop,14529,256897.2
1,"Tailspin Toys (Jessie, ND)",Novelty Shop,14266,256737.6
1,"Tailspin Toys (Howells, NE)",Novelty Shop,10200,256584.4
993,Gasper Havzija,Gift Store,13231,255947.8
1010,Serdar ozCelik,Supermarket,13616,255831.15
835,Dominic Davignon,Supermarket,14918,255476.65
822,Suparna Bhattacharya,Supermarket,11251,255233.6
811,Surendra Sahu,Novelty Shop,12666,255202.15
1,"Tailspin Toys (Seagraves, TX)",Novelty Shop,12284,255144.55
401,"Wingtip Toys (Shay, PA)",Novelty Shop,14421,254836.65
401,"Wingtip Toys (Federalsburg, MD)",Novelty Shop,16503,254436.65
836,Abel Spirlea,Novelty Shop,13812,254272.2
1016,Aive Petrov,Supermarket,11933,254225.8
401,"Wingtip Toys (Lexington Heights, MI)",Novelty Shop,12547,254123.5
1,"Tailspin Toys (Imlaystown, NJ)",Novelty Shop,15339,253988.3
401,"Wingtip Toys (Bozeman Hot Springs, MT)",Novelty Shop,14432,253958.3
401,"Wingtip Toys (Obion, TN)",Novelty Shop,13311,253868.45
979,Melani Ravlen,Corporate,13080,253732.55
401,"Wingtip Toys (Raton, NM)",Novelty Shop,16635,252961.9
1,"Tailspin Toys (Biscay, MN)",Novelty Shop,13260,252931.6
965,Phoung Cu,Corporate,15451,252829.35
401,"Wingtip Toys (Berville, MI)",Novelty Shop,11965,252762.7
401,"Wingtip Toys (Flomaton, AL)",Novelty Shop,11259,252327.7
401,"Wingtip Toys (Huntingburg, IN)",Novelty Shop,13620,252002.35
1008,Vedrana Kovacevic,Novelty Shop,14081,251394.4
948,Richard Zahradnicek,Supermarket,11815,251206.45
893,Leyla Asef zade,Novelty Shop,13109,251205.45
401,"Wingtip Toys (Beekmantown, NY)",Novelty Shop,11510,251048.55
974,Emil Roman,Computer Store,13047,250738.6
952,Chuan Wattanasin,Novelty Shop,12101,250647.85
1,"Tailspin Toys (Knifley, KY)",Novelty Shop,13838,250605.85
920,Gayatri Gajula,Computer Store,13054,250533.95
1,"Tailspin Toys (Corfu, NY)",Novelty Shop,16285,250500.3
1,"Tailspin Toys (Dahlia, NM)",Novelty Shop,14299,249913.8
844,Durdanah Abbasi,Supermarket,12192,249823.75
994,Libuse Kuchtova,Supermarket,13979,249628.2
985,Roko Ilic,Corporate,12304,249572.2
913,Violetta KlanCisar,Supermarket,14140,249390.4
401,"Wingtip Toys (Caro, MI)",Novelty Shop,12684,249373.35
935,Daevasree Samavedam,Corporate,13841,248994.15
1,"Tailspin Toys (Caselton, NV)",Novelty Shop,15274,248937.9
401,"Wingtip Toys (Dacono, CO)",Novelty Shop,12055,248690.1
1,"Tailspin Toys (Astor Park, FL)",Novelty Shop,13051,248327.25
401,"Wingtip Toys (Broomtown, AL)",Novelty Shop,14212,248285
401,"Wingtip Toys (Molalla, OR)",Novelty Shop,12102,248275.2
868,Laura Sykorova,Novelty Shop,11650,248253.45
1,"Tailspin Toys (Amanda Park, WA)",Novelty Shop,12221,248011.75
1,"Tailspin Toys (Edgartown, MA)",Novelty Shop,13848,247751.15
898,Gopalgobinda Sikdar,Computer Store,13540,246963.6
878,Miriam House,Corporate,12251,246832.5
401,"Wingtip Toys (Weld, ME)",Novelty Shop,11979,246642.9
957,Hee-Young Suh,Novelty Shop,14816,246560
1,"Tailspin Toys (Bernie, MO)",Novelty Shop,12695,246233.1
840,Rodrigo Figueiredo,Novelty Shop,13303,245995.9
1,"Tailspin Toys (Jemison, AL)",Novelty Shop,11939,245926.6
812,Celica Barajas,Supermarket,11335,245707.6
1,"Tailspin Toys (Topstone, CT)",Novelty Shop,12043,245280.75
1,"Tailspin Toys (Eulaton, AL)",Novelty Shop,13576,245220.2
401,"Wingtip Toys (Mauldin, SC)",Novelty Shop,14227,244942.75
1,"Tailspin Toys (Crary, ND)",Novelty Shop,11330,244766.8
966,Sara Walkky,Supermarket,13364,244464.75
1,"Tailspin Toys (Premont, TX)",Novelty Shop,13669,244444.65
1,"Tailspin Toys (Skyway, WA)",Novelty Shop,11845,244442.65
401,"Wingtip Toys (Delray, WV)",Novelty Shop,14783,244099.6
401,"Wingtip Toys (West Hempstead, NY)",Novelty Shop,13051,243848.2
1,"Tailspin Toys (Cherry Grove Beach, SC)",Novelty Shop,12862,243201.95
1,"Tailspin Toys (Mount Montgomery, NV)",Novelty Shop,12970,243054.45
1,"Tailspin Toys (Dallardsville, TX)",Novelty Shop,14693,242269.05
998,Mahavir Sonkar,Computer Store,10817,242218.85
401,"Wingtip Toys (Rockwall, TX)",Novelty Shop,12551,241539.45
1,"Tailspin Toys (Donner, LA)",Novelty Shop,13739,241300.95
1,"Tailspin Toys (Panaca, NV)",Novelty Shop,12236,241171.3
922,Sumati Chatterjee,Gift Store,11948,240875.95
401,"Wingtip Toys (Pawlet, VT)",Novelty Shop,13344,240809.1
401,"Wingtip Toys (Orick, CA)",Novelty Shop,13425,240664.4
1,"Tailspin Toys (Cokato, MN)",Novelty Shop,12041,240469.8
932,Nicolo Cattaneo,Corporate,12626,240414.8
1,"Tailspin Toys (Yewed, OK)",Novelty Shop,13226,240270.2
1,"Tailspin Toys (Sallyards, KS)",Novelty Shop,15213,240177.15
401,"Wingtip Toys (Naches, WA)",Novelty Shop,11643,240031.7
401,"Wingtip Toys (Liberty Grove, MD)",Novelty Shop,13730,239421.3
1,"Tailspin Toys (Heilwood, PA)",Novelty Shop,15525,239126.3
1,"Tailspin Toys (Bratenahl, OH)",Novelty Shop,12640,239072.8
401,"Wingtip Toys (Palmas del Mar, PR)",Novelty Shop,13179,238680.8
931,Nada Jovanovic,Corporate,13519,238362.05
819,Santiago Vera,Computer Store,12882,238253.2
903,Bing Han,Computer Store,13688,237976.5
1,"Tailspin Toys (Aceitunas, PR)",Novelty Shop,12693,237639.4
851,Ebru Erdogan,Gift Store,12350,237546.6
1,"Tailspin Toys (Tresckow, PA)",Novelty Shop,12649,237369.95
401,"Wingtip Toys (Claycomo, MO)",Novelty Shop,14529,237356.8
843,Marija Justina Pasek,Corporate,13393,237314.85
873,Hana Hlouskova,Supermarket,13567,237125.65
987,Akhil Nadar,Supermarket,14688,236926.4
1,"Tailspin Toys (South Euclid, OH)",Novelty Shop,14772,236871.15
1,"Tailspin Toys (Saint Louis Park, MN)",Novelty Shop,13399,236715.8
401,"Wingtip Toys (Lowellville, OH)",Novelty Shop,13887,236712.7
401,"Wingtip Toys (Smoot, WY)",Novelty Shop,14586,236386.85
1,"Tailspin Toys (Lake Hughes, CA)",Novelty Shop,12249,236025.7
1,"Tailspin Toys (Hahira, GA)",Novelty Shop,11122,236024
401,"Wingtip Toys (Stanardsville, VA)",Novelty Shop,11945,235997.2
852,Bhagavaan Atluri,Supermarket,13853,235987.8
401,"Wingtip Toys (Ferney, SD)",Novelty Shop,12651,235874.85
1,"Tailspin Toys (Royal City, WA)",Novelty Shop,12945,235867.8
401,"Wingtip Toys (Vair, TX)",Novelty Shop,15566,235767.9
1,"Tailspin Toys (Hollywood Park, TX)",Novelty Shop,13431,235737.9
1018,Nils Kaulins,Computer Store,11481,235643.2
1,"Tailspin Toys (Stallion Springs, CA)",Novelty Shop,14956,235544.85
401,"Wingtip Toys (Valhalla, NC)",Novelty Shop,9815,235322.25
1,"Tailspin Toys (Lavon, TX)",Novelty Shop,13350,234831.65
401,"Wingtip Toys (Balko, OK)",Novelty Shop,15103,234411.65
846,Malorie Bousquet,Gift Store,14597,234283.25
919,Kertu Sokk,Computer Store,12481,233878.1
926,Richard Friar,Corporate,12823,233644.15
1004,Drishti Bose,Gift Store,12318,233599.65
401,"Wingtip Toys (Universal City, TX)",Novelty Shop,12139,233430.2
1,"Tailspin Toys (Baraboo, WI)",Novelty Shop,12797,233162.9
881,Magdalena Michnova,Computer Store,11138,232871.75
1024,Arka Chatterjee,Supermarket,12259,232820.4
401,"Wingtip Toys (Lucasville, OH)",Novelty Shop,16526,232562.45
401,"Wingtip Toys (Caton, NY)",Novelty Shop,12044,232555.25
999,Kristi Part,Supermarket,12639,232519.95
1,"Tailspin Toys (Olivette, MO)",Novelty Shop,13024,231534.35
1,"Tailspin Toys (Eden Valley, MN)",Novelty Shop,11752,231484.4
401,"Wingtip Toys (Goodings Grove, IL)",Novelty Shop,12985,231466.5
1,"Tailspin Toys (Railroad, PA)",Novelty Shop,14496,231444.9
883,Radha Barua,Gift Store,10766,230998.55
1,"Tailspin Toys (Bow Mar, CO)",Novelty Shop,13731,230582.2
1,"Tailspin Toys (Fishtail, MT)",Novelty Shop,11218,230475.8
809,Madhu Dwivedi,Computer Store,14620,229780.45
1,"Tailspin Toys (Wilkes-Barre, PA)",Novelty Shop,13055,229246.6
1,"Tailspin Toys (Antonito, CO)",Novelty Shop,12873,229154.75
1,"Tailspin Toys (Arrow Rock, MO)",Novelty Shop,14244,229153.6
1,"Tailspin Toys (Sylvanite, MT)",Novelty Shop,14693,229142.9
895,Geza Roman,Corporate,11623,229132.8
401,"Wingtip Toys (Chetek, WI)",Novelty Shop,15688,228982.6
401,"Wingtip Toys (Straughn, IN)",Novelty Shop,15727,228763.45
401,"Wingtip Toys (East Mountain, TX)",Novelty Shop,12251,228570.55
845,Emilie Hrdlickova,Corporate,12713,228507.25
401,"Wingtip Toys (Crossroads, NM)",Novelty Shop,14278,228006.95
837,Anil Sarkar,Supermarket,12509,227744.4
401,"Wingtip Toys (Helotes, TX)",Novelty Shop,12934,226371.3
1,"Tailspin Toys (Hiteman, IA)",Novelty Shop,12179,226338.7
1,"Tailspin Toys (Sun River, MT)",Novelty Shop,12411,225900.2
914,Chandana Shasthri,Supermarket,13963,225728.15
818,Liia Orav,Novelty Shop,11590,225702
401,"Wingtip Toys (Dickworsham, TX)",Novelty Shop,13191,225505.25
1,"Tailspin Toys (Tunnelhill, PA)",Novelty Shop,13758,225476.75
1,"Tailspin Toys (Muir, MI)",Novelty Shop,11751,224952.55
401,"Wingtip Toys (McAdenville, NC)",Novelty Shop,11394,224921.85
1,"Tailspin Toys (College Place, WA)",Novelty Shop,14283,224535.6
1,"Tailspin Toys (Great Neck Estates, NY)",Novelty Shop,11867,224520.7
1,"Tailspin Toys (Diablock, KY)",Novelty Shop,12188,223984.1
1,"Tailspin Toys (Naples Park, FL)",Novelty Shop,11337,223973.6
401,"Wingtip Toys (Beals, ME)",Novelty Shop,13093,223930
904,Olafs Rozitis,Corporate,12395,223716.8
1,"Tailspin Toys (East Dailey, WV)",Novelty Shop,13306,223541.75
1,"Tailspin Toys (Lemeta, AK)",Novelty Shop,11864,223326
401,"Wingtip Toys (Penns Creek, PA)",Novelty Shop,10960,222959.4
401,"Wingtip Toys (Corcovado, PR)",Novelty Shop,12619,222637.2
401,"Wingtip Toys (North Manitou, MI)",Novelty Shop,12561,222407.7
1,"Tailspin Toys (Wallagrass, ME)",Novelty Shop,12312,221635.65
1,"Tailspin Toys (Lakemore, OH)",Novelty Shop,12536,221619.8
940,Lorin Astrom,Gift Store,13471,221607.4
864,Mikhail Degtyarev,Computer Store,11343,221558.3
401,"Wingtip Toys (Dickerson, MD)",Novelty Shop,11467,221539.75
808,Jackson Kolios,Computer Store,13131,221482.9
1,"Tailspin Toys (Tomnolen, MS)",Novelty Shop,12366,221267.6
839,Juan Morse,Novelty Shop,13216,220690.65
927,Matyas Sedlar,Novelty Shop,10530,220227.05
401,"Wingtip Toys (Saint Landry, LA)",Novelty Shop,14221,220213.35
1005,Bhadram Kamasamudram,Novelty Shop,13602,220033.7
401,"Wingtip Toys (Glancy, MS)",Novelty Shop,13561,219391.8
1,"Tailspin Toys (Stonefort, IL)",Novelty Shop,11389,218424.25
1,"Tailspin Toys (Ikatan, AK)",Novelty Shop,13843,218302
401,"Wingtip Toys (Compass Lake, FL)",Novelty Shop,13379,217217.75
917,Pari Hosseini,Novelty Shop,11313,217076.5
1014,Narendra Tickoo,Novelty Shop,13177,216863.65
823,Francisca Laureano,Gift Store,14211,216495
1,"Tailspin Toys (Ward Ridge, FL)",Novelty Shop,11215,215637.5
921,Victoria Lacusta,Supermarket,12378,215557.3
401,"Wingtip Toys (Munich, ND)",Novelty Shop,9587,215245.9
847,Kristiina Ivanov,Computer Store,13530,215241.1
401,"Wingtip Toys (Del Valle, TX)",Novelty Shop,11452,214600.15
401,"Wingtip Toys (Edmund, WI)",Novelty Shop,12654,214568.75
401,"Wingtip Toys (Morita, TX)",Novelty Shop,11559,213406.4
401,"Wingtip Toys (Lostine, OR)",Novelty Shop,11500,213146.7
401,"Wingtip Toys (Baldwin City, KS)",Novelty Shop,11619,212613.55
1,"Tailspin Toys (Fairfield Glade, TN)",Novelty Shop,13835,211994.9
1,"Tailspin Toys (Ekron, KY)",Novelty Shop,14628,211211.35
866,Jay Bhuiyan,Gift Store,11766,210812.95
401,"Wingtip Toys (Jeromesville, OH)",Novelty Shop,11626,208914.2
951,Eliza Persson,Supermarket,10649,207641.1
859,Shah Alizadeh,Gift Store,10085,207615.15
1,"Tailspin Toys (San Acacia, NM)",Novelty Shop,11899,207512.5
1017,David Novacek ,Gift Store,9940,206994.75
929,Vladimir Henzl,Supermarket,13757,206859.15
1,"Tailspin Toys (Dundarrach, NC)",Novelty Shop,11905,206388.85
969,Staffan Persson,Computer Store,11119,205319.4
401,"Wingtip Toys (Miesville, MN)",Novelty Shop,12372,205312.55
401,"Wingtip Toys (Chaseley, ND)",Novelty Shop,12423,204815.5
925,Can ozcan,Corporate,12117,204612.8
1,"Tailspin Toys (Alstead, NH)",Novelty Shop,12073,204303.6
1,"Tailspin Toys (Francis Mills, NJ)",Novelty Shop,10892,203960.4
401,"Wingtip Toys (Mount Summit, IN)",Novelty Shop,12024,203346.3
1012,Urve Kasesalu,Corporate,9728,203067.6
990,Andris Saulitis,Corporate,9652,201982.85
1020,Hai Banh,Computer Store,10673,201418.45
401,"Wingtip Toys (New Laguna, NM)",Novelty Shop,12120,201364.45
401,"Wingtip Toys (Ovilla, TX)",Novelty Shop,12877,199441.8
401,"Wingtip Toys (Heartwell, NE)",Novelty Shop,11074,198555.45
401,"Wingtip Toys (Portales, NM)",Novelty Shop,12703,197314.45
1025,Tuulikki Linna,Gift Store,9848,196163.8
401,"Wingtip Toys (Cape Neddick, ME)",Novelty Shop,12962,195208.05
865,Bijoya Thakur,Gift Store,10656,195044.65
833,Devraj Rao,Novelty Shop,10566,194911.9
956,Nhung Thach,Computer Store,10232,194043.8
937,Manca Hrastovsek,Gift Store,12148,193333
401,"Wingtip Toys (Morton Grove, IL)",Novelty Shop,9423,190017.3
1029,Veronika Necesana,Novelty Shop,9054,189479.95
1,"Tailspin Toys (Madaket, MA)",Novelty Shop,11684,188680.45
401,"Wingtip Toys (Nuangola, PA)",Novelty Shop,13420,185707
401,"Wingtip Toys (Willow Valley, AZ)",Novelty Shop,12118,183321.4
1,"Tailspin Toys (Magalia, CA)",Novelty Shop,9588,183277.7
814,Johanna Hoornstra,Novelty Shop,12527,182335.85
1023,Farzana Habibi,Corporate,11669,181007.95
1,"Tailspin Toys (Oriole Beach, FL)",Novelty Shop,8440,181002.15
989,Milinka Zujovic,Gift Store,11989,180203.3
1037,David Jaramillo,Corporate,8847,179704.9
1019,Dhanishta Pullela,Novelty Shop,9225,177206.7
1013,Annette  Hetu,Computer Store,10405,175221.4
1015,Isa Hulsegge,Computer Store,8521,173963.2
1033,Cuneyt Arslan,Supermarket,8369,173816.5
401,"Wingtip Toys (Marin City, CA)",Novelty Shop,11452,169931.6
1022,Nadir Seddigh,Computer Store,11006,169357.35
1032,Som Mukherjee,Novelty Shop,7487,166189.7
1034,Aishwarya Dantuluri,Novelty Shop,8627,165909.1
1027,Serdar ozden,Corporate,9986,162660
1036,Erik Malk,Computer Store,8004,160249
401,"Wingtip Toys (Cherryplain, NY)",Novelty Shop,9338,154555.45
1021,Fabrice Cloutier,Supermarket,8839,153963.15
869,Abel Tatarescu,Novelty Shop,9632,153664.05
1026,Daniella Cavalcante,Computer Store,8560,146813.35
1043,Raj Verma,Corporate,7045,145724.4
1045,Matteo Cattaneo,Supermarket,9237,144951.4
1031,Dipti Shah,Gift Store,7672,140446.35
1030,Chompoo Atitarn,Computer Store,5996,138137.4
1035,Manjunatha Karnik,Computer Store,7332,136118
1028,Emma Van Zant,Gift Store,7021,134261
1040,Damodar Shenoy,Novelty Shop,6789,131871.9
1042,Nguyen Banh,Novelty Shop,7576,111939.5
1041,Tomo Vidovic,Supermarket,5929,108959.4
1038,Damodara Trivedi,Gift Store,6322,106879.45
1046,Christian Couet,Computer Store,4113,97806.65
1039,Bhaamini Palagummi,Gift Store,5412,93465.4
1044,Hanita Nookala,Novelty Shop,5362,92791.65
1052,Ian Olofsson,Supermarket,4474,66913.85
1048,Abhra Ganguly,Gift Store,3286,58243.35
1055,Adriana Pena,Computer Store,3054,55629.05
1058,Jaroslav Fisar,Gift Store,2080,54552.4
1054,Emma Salpa,Supermarket,3327,51439.35
1047,Ivana Hadrabova,Computer Store,3091,49336.95
1049,Amet Shergill,Corporate,2390,48685.8
1057,Ganesh Majumdar,Computer Store,2578,46772.25
1056,Kalyani Benjaree,Corporate,2384,44808.45
1050,Amrita Ganguly,Supermarket,2257,42138.15
1053,Luis Saucedo,Computer Store,2859,40036.8
1051,Sylvie Laramee,Gift Store,2262,38734.5
1061,Agrita Abele,Computer Store,1576,22829.65
1059,Jibek Juniskyzy,Supermarket,1028,13208.1
1060,Anand Mudaliyar,Corporate,553,7240.2
